Actions,Capital,ETH-USD
1,99994,308.644989013672
1,98641.3906683835,320.670989990234
0,100438.261484858,298.585998535156
1,99639.4494070527,314.690002441406
1,101022.035977172,307.024993896484
1,104985.901461989,316.763000488281
1,104069.740442141,337.963989257812
1,103499.945660415,333.442993164063
1,103865.287804198,330.1669921875
1,107851.432263615,331.980010986328
1,109690.797230951,347.401000976562
1,113136.911597654,354.093994140625
1,111363.476640561,367.442993164062
1,117138.343308608,360.31201171875
-1,125519.590003064,381.438995361328
1,125512.058827664,412.501007080078
0,125063.141169098,475.675994873047
1,125316.796818154,465.973999023437
-1,126178.155206631,471.531005859375
-1,126178.155206631,480.518005371094
1,126170.584517318,473.281005859375
1,127320.589756066,431.214996337891
0,129358.373043436,445.209014892578
1,129017.020938158,466.851013183594
1,129347.270510865,463.704986572266
-1,130072.64982108,466.053985595703
-1,130072.64982108,470.294006347656
1,130064.84546209,462.60400390625
1,130411.758235354,426.368988037109
1,132754.453322259,434.989013671875
-1,135289.00462383,457.343994140625
1,135280.887283552,472.789001464844
1,139770.108780724,440.358001708984
1,153836.677216,522.286010742188
0,160528.489224428,644.906005859375
0,159625.833883792,700.593994140625
1,158118.780371529,696.3759765625
1,159880.242747195,686.192016601563
1,163821.988117041,696.236999511719
-1,177134.127111516,721.731994628906
-1,177134.127111516,793.901000976563
-1,177134.127111516,827.515991210938
0,177134.127111516,820.236022949219
1,177123.499063889,822.643005371094
-1,179460.248050174,681.315979003906
1,179449.480435291,721.768981933594
1,183146.39400397,698.869995117188
-1,183859.958880768,763.369995117187
-1,183859.958880768,774.969970703125
-1,183859.958880768,762.2080078125
-1,183859.958880768,740.388977050781
1,183848.927283235,753.815002441406
1,185863.329197712,712.211975097656
1,187289.819438673,755.757019042969
1,200763.705958822,772.346008300781
-1,211866.828324036,886
1,211854.116314336,961.713012695313
1,212569.359272808,975.75
0,215985.018491091,995.153991699219
-1,224562.409298669,1043.01000976563
1,224548.935554111,1158.26000976563
-1,230460.123847015,1146
-1,230460.123847015,1300.33996582031
1,230446.296239584,1268.08996582031
1,235153.84342008,1158.2900390625
-1,243637.503016569,1270.46997070313
-1,243637.503016569,1397.47998046875
0,243637.503016569,1365.2099609375
-1,243637.503016569,1292.63000488281
1,243622.884766388,1061.33996582031
0,244695.889278195,1016.44000244141
1,244804.696636242,1028.81994628906
-1,254730.733593807,1044.94995117188
0,254730.733593807,1155.68005371094
-1,254730.733593807,1055.34997558594
1,254715.449749792,1004.16998291016
0,258478.539802616,987.476989746094
1,258307.888972778,1063.21997070313
1,258220.51520749,1052.69995117188
1,264498.618350671,1055.75
-1,284599.215479592,1111.78002929688
0,284599.215479592,1246.69995117188
1,284582.139526663,1184.13000488281
-1,287088.535200268,1071.08996582031
-1,287088.535200268,1119.36999511719
1,287071.309888156,1035.77001953125
-1,290094.569082567,919.210998535156
-1,290094.569082567,964.6669921875
1,290077.163408422,834.9580078125
-1,297986.118062434,707.736999511719
1,297968.23889535,790.427978515625
1,302733.942971198,755.843017578125
-1,311782.53513478,818.47998046875
-1,311782.53513478,882.466979980469
1,311763.828182672,859.288024902344
-1,315899.505654354,817.507995605469
1,315880.551684014,869.293029785156
1,321716.489963453,844.278991699219
1,323440.730524736,923.72802734375
1,324679.447111364,934.786010742188
-1,330864.566616528,944.747985839844
1,330844.714742531,973.348999023438
-1,332272.709804424,921.668029785156
-1,332272.709804424,943.567016601562
-1,332272.709804424,894.135009765625
1,332252.773441836,849.262023925781
-1,336449.172728737,811.585021972656
0,336449.172728737,861.593017578125
1,336428.985778374,839.458984375
1,338364.095137312,845.278015136719
1,339617.896170199,870.364990234375
1,335212.260307632,877.934020996094
-1,339136.552162373,856.012023925781
0,339136.552162373,871.763977050781
0,339136.552162373,856.710998535156
-1,339136.552162373,856.185974121094
-1,339136.552162373,866.846008300781
-1,339136.552162373,853.817016601563
-1,339136.552162373,816.27099609375
1,339116.203969243,752.570007324219
-1,341456.645582404,702.197021484375
1,341436.158183669,730.159973144531
-1,345058.866511441,685.31201171875
-1,345058.866511441,724.406005859375
-1,345058.866511441,698.153015136719
-1,345058.866511441,691.218994140625
-1,345058.866511441,614.838989257813
-1,345058.866511441,611.778015136719
-1,345058.866511441,601.677978515625
1,345038.162979451,551.640014648438
0,347375.560066599,546.6259765625
1,347395.104659689,556.721984863281
-1,348430.188945066,559.099975585938
-1,348430.188945066,562.10302734375
-1,348430.188945066,539.864013671875
-1,348430.188945066,542.572021484375
-1,348430.188945066,522.703002929688
-1,348430.188945066,524.286987304687
1,348409.283133729,489.589996337891
-1,347815.423985911,450.290985107422
1,347794.555060472,448.075012207031
1,349341.248499415,385.904998779297
-1,349923.172109275,395.003997802734
1,349902.176718949,397.253997802734
0,351180.142517695,379.699005126953
-1,356774.191811933,387.31201171875
1,356752.785360424,416.484985351562
-1,357256.842110608,379.946990966797
1,357235.406700081,382.730987548828
1,360117.430251941,370.380004882812
-1,365301.777557297,385.743011474609
1,365279.859450644,400.856994628906
1,368142.804243058,399.411010742187
1,373414.312107257,415.023986816406
-1,400427.565174702,430.161010742188
1,400403.539520791,493.160003662109
1,401804.917338873,492.579986572266
-1,410576.073005786,502.880004882813
-1,410576.073005786,532.073974609375
1,410551.438441406,511.144989013672
1,414105.788749492,503.308990478516
1,426519.06627126,524.038024902344
-1,444736.744006089,567.989013671875
1,444710.059801449,616.004028320313
1,447107.093256983,606.119018554687
1,452495.239876465,621.198974609375
-1,475448.365091025,643.398010253906
1,475419.83818912,707.06201171875
-1,482740.468939843,618.078979492188
1,482711.504511707,662.109008789063
-1,488178.065259219,644.64599609375
-1,488178.065259219,683.911987304688
-1,488178.065259219,689.760986328125
1,488148.774575304,670.463012695313
1,490086.706008684,674.075012207031
1,513955.145428576,686.591003417969
-1,516014.596626238,776.775024414063
-1,516014.596626238,784.5830078125
-1,516014.596626238,816.088012695312
0,516014.596626238,793.338989257813
0,516014.596626238,755.008972167969
-1,516014.596626238,752.901977539063
-1,516014.596626238,752.578979492187
1,515983.635750441,727.013000488281
1,516939.897600335,679.877014160156
-1,529851.666843151,687.174987792969
0,529851.666843151,732.732971191406
-1,529851.666843151,731.143005371094
-1,529851.666843151,708.086975097656
1,529819.875743141,708.718017578125
-1,533239.045008465,672.101989746094
-1,533239.045008465,695.072021484375
-1,533239.045008465,697.922973632813
-1,533239.045008465,717.192993164062
-1,533239.045008465,700.177978515625
1,533207.050665765,646.669982910156
-1,536526.545610577,584.536010742188
-1,536526.545610577,602.140014648438
-1,536526.545610577,587.426025390625
-1,536526.545610577,588.52001953125
1,536494.35401784,573.044982910156
-1,546753.602764313,516.148010253906
-1,546753.602764313,566.830017089844
0,546753.602764313,558.497009277344
1,546720.797548147,578.671997070313
1,548911.837502416,580.429016113281
0,557891.648721785,591.258972167969
0,549367.426205885,619.43701171875
-1,554794.355115736,593.406005859375
-1,554794.355115736,610.262023925781
-1,554794.355115736,607.68701171875
-1,554794.355115736,605.442993164063
-1,554794.355115736,600.905029296875
1,554761.067454429,594.344970703125
-1,556194.833619335,524.856994628906
-1,556194.833619335,532.710021972656
1,556161.461929318,498.018005371094
-1,566000.781199788,478.381011962891
1,565966.821152916,520.47998046875
0,567992.257866475,490.414001464844
1,568116.298497652,499.459991455078
1,575681.697915226,499.382995605469
-1,586186.330765495,519.023010253906
-1,586186.330765495,538.505981445313
-1,586186.330765495,536.447021484375
1,586151.159585649,527.193969726563
-1,588340.882602177,466.273986816406
1,588305.582149221,474.768005371094
-1,588983.612674336,455.936004638672
-1,588983.612674336,460.733001708984
-1,588983.612674336,432.243988037109
1,588948.273657576,442.290008544922
1,592724.147721683,422.587005615234
-1,602211.597187059,436.209014892578
1,602175.464491228,455.242004394531
-1,607859.712407111,453.824005126953
0,607859.712407111,475.385986328125
0,607859.712407111,464.151000976563
1,607823.240824367,467.286987304688
1,607691.592609151,474.356994628906
-1,615832.606489062,474.057006835938
-1,615832.606489062,492.067993164063
-1,615832.606489062,488.877990722656
1,615795.656532673,476.161987304688
-1,619223.478834951,434.515014648438
1,619186.325426221,446.502014160156
-1,620324.296035524,430.740997314453
1,620287.076577762,434.510986328125
1,624171.935688955,435.882995605469
1,639705.471120436,450.424987792969
-1,653338.447001355,480.076995849609
-1,653338.447001355,500.838012695313
-1,653338.447001355,480.627990722656
1,653299.246694535,469.307006835938
1,656669.98291434,450.678985595703
-1,655236.52559796,462.43798828125
1,655197.211406424,459.438995361328
-1,663484.494596896,451.135986328125
1,663444.68552722,479.906005859375
1,661038.725785499,472.330993652344
-1,663906.479442095,464.009002685547
1,663866.645053328,469.678009033203
-1,663800.40149113,466.915008544922
-1,663800.40149113,466.826995849609
-1,663800.40149113,457.244995117188
0,663800.40149113,433.868988037109
1,663760.573467041,420.805999755859
-1,665575.007954391,412.566986083984
-1,665575.007954391,418.236999511719
-1,665575.007954391,407.346008300781
-1,665575.007954391,410.566986083984
-1,665575.007954391,406.800994873047
-1,665575.007954391,379.891998291016
-1,665575.007954391,356.971008300781
-1,665575.007954391,365.776000976562
-1,665575.007954391,334.264007568359
-1,665575.007954391,320.822998046875
-1,665575.007954391,320.209991455078
1,665535.073453914,286.364990234375
1,667140.494562587,280.386993408203
1,671968.020825426,282.740997314453
-1,703797.790445803,287.683013916016
1,703755.562578377,316.790985107422
-1,706144.52195457,295.670013427734
1,706102.153283253,301.381011962891
-1,710028.704004847,273.330993652344
1,709986.102282607,281.967987060547
1,712967.17021702,271.747985839844
-1,718437.583113634,278.110992431641
-1,718437.583113634,283.281005859375
1,718394.476858647,279.524993896484
1,723791.608569295,275.350006103516
1,733835.521874322,286.648986816406
-1,724963.982029672,296.162994384766
1,724920.48419075,289.752990722656
1,724323.953171145,284.119995117188
0,735754.804853896,283.496002197266
1,734753.088905086,295.453002929687
-1,728439.364147881,295.180999755859
-1,728439.364147881,289.296997070312
1,728395.657786032,286.045013427734
-1,727069.176715785,231.647994995117
-1,727069.176715785,229.535003662109
1,727025.552565182,217.912002563477
1,726236.444500858,198.384994506836
-1,726441.808341215,197.850997924805
-1,726441.808341215,198.177001953125
1,726398.221832715,185.423004150391
-1,748599.573292939,183.679000854492
1,748554.657318541,212.669006347656
0,756607.07235002,209.813995361328
-1,754803.228826986,222.802993774414
1,754757.940633256,221.582000732422
0,764034.434058328,197.095001220703
1,763945.560742591,209.47200012207
1,783476.157522048,210.287994384766
-1,822353.90036295,225.251007080078
1,822304.559128929,247.337005615234
-1,824936.892604992,240.992004394531
-1,824936.892604992,244.843994140625
1,824887.396391436,228.326995849609
1,822841.41207658,218.647003173828
-1,840119.257349534,215.440002441406
1,840068.850194093,229.041000366211
-1,847042.254878597,221.705001831055
-1,847042.254878597,231.328994750977
-1,847042.254878597,233.220001220703
-1,847042.254878597,231.100006103516
1,846991.432343304,226.406997680664
-1,848319.480469216,220.445999145508
-1,848319.480469216,222.266998291016
-1,848319.480469216,227.552001953125
-1,848319.480469216,225.434997558594
0,848319.480469216,226.509002685547
-1,848319.480469216,229.710006713867
-1,848319.480469216,227.615005493164
1,848268.581300388,225.610000610352
1,854697.367542374,188.707000732422
-1,859632.431317426,196.363998413086
1,859580.853371547,199.690994262695
-1,871865.848720362,195.270004272461
-1,871865.848720362,209.628005981445
-1,871865.848720362,210.216995239258
-1,871865.848720362,207.404006958008
-1,871865.848720362,203.25700378418
-1,871865.848720362,203.514999389648
-1,871865.848720362,205.389999389648
0,871865.848720362,205.17399597168
-1,871865.848720362,204.016006469727
0,871865.848720362,204.126998901367
1,871813.536769439,203.86799621582
0,872390.554066419,202.335998535156
-1,873095.679036619,203.356002807617
0,873095.679036619,204.509994506836
-1,873095.679036619,205.17399597168
-1,873095.679036619,197.203002929688
0,873095.679036619,197.649002075195
1,873043.293295877,197.537002563477
0,874643.677904991,198.981994628906
1,874154.802833568,200.740005493164
0,885753.314792241,200.158004760742
1,888150.234903746,207.100006103516
-1,907899.387345932,209.473999023437
-1,907899.387345932,218.899002075195
0,907899.387345932,217.326995849609
0,907899.387345932,211.986999511719
1,907844.913382691,209.975006103516
1,906782.380306149,212.47900390625
1,905326.493334379,211.513000488281
-1,897807.130553259,210.149002075195
1,897753.262125426,206.533996582031
-1,897168.414645668,181.899002075195
-1,897168.414645668,180.865005493164
0,897168.414645668,175.360000610352
-1,897168.414645668,174.175003051758
1,897114.584540789,177.179000854492
1,874421.622176932,148.811004638672
-1,889076.387496267,131.141998291016
-1,889076.387496267,136.811004638672
-1,889076.387496267,126.418998718262
-1,889076.387496267,123.304000854492
-1,889076.387496267,113.125999450684
1,889023.042913018,116.343002319336
1,891728.802956363,107.91300201416
-1,928186.974743122,110.197998046875
-1,928186.974743122,122.721549987793
1,928131.283524637,117.728096008301
-1,937091.538489291,113.397758483887
-1,937091.538489291,118.26815032959
1,937035.312996982,116.378761291504
-1,939252.815002204,108.803161621094
-1,939252.815002204,110.335517883301
1,939196.459833304,102.450592041016
-1,942334.871619996,91.6498336791992
-1,942334.871619996,93.4100799560547
-1,942334.871619996,92.0354309082031
-1,942334.871619996,94.9921722412109
1,942278.331527699,91.5789337158203
-1,945769.23476417,88.6107025146484
-1,945769.23476417,90.6552276611328
1,945712.488610084,86.6303558349609
-1,946009.709579658,84.2796936035156
1,945952.948997084,84.4694061279297
1,967806.949374309,85.3821105957031
1,990542.972353182,95.108039855957
1,991295.475468268,101.68384552002
-1,1080424.09818483,101.090438842773
0,1080424.09818483,115.835403442383
0,1080424.09818483,109.455940246582
1,1080359.27273894,117.273895263672
1,1095956.08653521,130.641662597656
1,1065936.44341019,140.997589111328
-1,1073918.56392238,129.888824462891
1,1073854.12880854,131.923583984375
0,1112740.7380218,116.89820098877
0,1113424.8763812,138.468780517578
-1,1116739.70036897,137.627456665039
1,1116672.69598695,140.031066894531
1,1129093.58435782,133.418151855469
-1,1170962.19856502,141.519515991211
1,1170891.9408331,155.196044921875
1,1179386.69208337,148.912887573242
-1,1182325.78876171,154.337417602539
-1,1182325.78876171,155.804229736328
-1,1182325.78876171,157.809494018555
-1,1182325.78876171,151.967544555664
-1,1182325.78876171,150.5546875
-1,1182325.78876171,150.843505859375
-1,1182325.78876171,127.81396484375
-1,1182325.78876171,127.52808380127
1,1182254.84921438,125.9072265625
-1,1206867.24847908,116.979095458984
1,1206794.83644417,129.17268371582
1,1209731.30419466,121.809242248535
-1,1210421.05786974,123.573539733887
1,1210348.43260626,123.654655456543
-1,1217365.69056985,121.61442565918
-1,1217365.69056985,124.632400512695
1,1217292.64862842,119.636459350586
-1,1220595.31107538,117.11075592041
-1,1220595.31107538,118.713813781738
-1,1220595.31107538,117.462783813477
-1,1220595.31107538,117.594955444336
-1,1220595.31107538,116.373527526855
-1,1220595.31107538,116.510314941406
-1,1220595.31107538,113.285232543945
1,1220522.07535671,106.721954345703
1,1228111.60142614,105.407203674316
-1,1220533.89400889,108.900772094727
1,1220460.66197525,107.147682189941
-1,1226856.82704565,107.466415405273
-1,1226856.82704565,110.49031829834
-1,1226856.82704565,107.625823974609
-1,1226856.82704565,107.62816619873
-1,1226856.82704565,107.569305419922
1,1226783.21563603,104.835777282715
-1,1261353.69632104,104.645050048828
1,1261278.01509926,119.214111328125
-1,1272629.35388366,119.408966064453
1,1272552.99612243,124.871536254883
1,1275164.1796838,121.178573608398
0,1275232.18023155,122.544288635254
0,1270858.29609166,122.416984558105
1,1273341.69626345,121.45369720459
0,1279436.08911261,122.396453857422
1,1331854.82010504,123.182083129883
1,1407661.8670723,133.03254699707
0,1402857.3123574,146.398818969727
1,1431070.63482712,145.172729492187
-1,1405948.38892095,149.352325439453
1,1405864.03201761,146.073257446289
-1,1424158.43336703,148.676620483398
1,1424072.98386102,158.902404785156
-1,1432394.49470369,135.499725341797
0,1432394.49470369,139.646087646484
1,1432308.551034,138.029571533203
0,1433699.89282113,136.283081054688
-1,1432976.8648584,136.836242675781
-1,1432976.8648584,136.350082397461
-1,1432976.8648584,134.786117553711
1,1432890.88624651,132.15788269043
-1,1455422.22366146,127.792953491211
-1,1455422.22366146,137.958740234375
-1,1455422.22366146,138.9423828125
1,1455334.89832804,138.31135559082
1,1461377.24438397,134.887557983398
-1,1456742.65842436,138.18049621582
-1,1456742.65842436,136.849533081055
-1,1456742.65842436,134.012847900391
1,1456655.25386485,134.611770629883
1,1457565.6131671,133.203903198242
0,1473363.05778392,133.567153930664
0,1491856.40439841,137.911956787109
-1,1482270.09724726,142.238296508789
-1,1482270.09724726,140.104858398438
1,1482181.16104143,139.254013061523
-1,1482533.71356814,140.484710693359
-1,1482533.71356814,140.478485107422
1,1482444.76154532,136.562255859375
1,1484660.61676187,137.03987121582
-1,1479804.00899591,138.315353393555
-1,1479804.00899591,137.081359863281
1,1479715.22075537,135.054321289063
1,1491717.9938394,135.454360961914
1,1485589.67838304,141.005844116211
1,1501630.65688589,139.343200683594
1,1499050.76738688,142.359146118164
1,1494892.19321523,142.139221191406
1,1497342.52074687,141.465484619141
0,1682976.4375876,141.83952331543
-1,1661617.02031396,164.008636474609
1,1661517.32329274,161.431762695313
1,1677123.21436361,158.020004272461
1,1678662.48455186,165.511245727539
1,1721439.42669125,165.977249145508
0,1755916.72695706,174.449676513672
1,1730838.59898606,180.222122192383
-1,1739076.41802904,176.067840576172
-1,1739076.41802904,177.342758178711
0,1739076.41802904,165.335205078125
-1,1739076.41802904,164.622848510742
0,1739076.41802904,164.476089477539
1,1738972.07344395,167.897476196289
0,1752098.47929674,161.526550292969
-1,1750542.59891971,167.553695678711
0,1750542.59891971,166.913208007813
1,1750437.56636377,173.787887573242
0,1750628.92544361,173.718811035156
0,1743162.03479731,173.715408325195
1,1746658.69292866,170.017486572266
-1,1745103.19785901,172.007217407227
-1,1745103.19785901,171.349533081055
0,1745103.19785901,165.914733886719
1,1744998.49166714,154.579437255859
1,1749574.11836788,156.270858764648
0,1745210.59588405,158.499771118164
1,1736596.39551854,157.291061401367
0,1774691.47168378,155.172775268555
0,1767368.23800352,162.186553955078
1,1774138.59142478,160.853576660156
1,1812187.66679803,162.075164794922
-1,1783194.87978411,167.887222290039
1,1783087.88809132,164.015258789063
1,1803075.56961973,163.337982177734
1,1792064.74791838,172.427276611328
1,1797961.10297407,169.904205322266
1,1793802.72941121,170.951873779297
1,1814034.317574,170.312973022461
-1,1978614.03828197,173.139312744141
1,1978495.32143967,194.163024902344
1,1998507.25600719,187.417922973633
1,2073948.18098827,196.73828125
1,2220476.86143854,217.010116577148
-1,2316647.68747906,246.941955566406
0,2316647.68747906,263.848358154297
1,2316508.68861781,243.91130065918
1,2369108.64888487,234.449462890625
0,2337380.53756186,261.267486572266
-1,2348494.24558897,251.647842407227
1,2348353.33593423,254.995315551758
0,2350925.77647671,244.665115356445
1,2357424.70293758,245.987091064453
-1,2365215.30044215,249.694046020508
1,2365073.38752412,251.724792480469
1,2375217.5412446,267.141876220703
0,2372021.26942398,272.590484619141
-1,2364461.13990236,271.779052734375
1,2364319.27223397,269.551879882812
1,2386848.60717084,256.015258789062
1,2377887.78358607,268.433349609375
-1,2399150.54690896,265.512725830078
1,2399006.59787615,270.088562011719
1,2377492.07891015,252.511642456055
1,2397329.99539847,241.497039794922
1,2408722.67615241,246.925247192383
1,2416986.5548946,249.33528137207
0,2383720.56712002,251.249313354492
-1,2301018.0230398,245.540481567383
0,2301018.0230398,232.830139160156
1,2300879.96195842,247.862121582031
1,2329074.54565224,245.925491333008
1,2313445.05544114,260.913513183594
1,2348469.41382652,256.179656982422
-1,2374726.06009308,263.934143066406
1,2374583.57652947,268.901153564453
-1,2383627.15251691,269.090576171875
1,2383484.13488776,274.320251464844
-1,2391359.59100009,265.056854248047
1,2391216.10942463,269.407867431641
1,2431955.52070065,271.743103027344
1,2476095.86429083,295.115081787109
1,2469741.06826481,309.416687011719
0,2482763.99452706,307.722137451172
1,2519538.98180071,310.678619384766
-1,2621181.25603773,317.992584228516
-1,2621181.25603773,336.959899902344
-1,2621181.25603773,294.143035888672
1,2621023.98516237,311.284423828125
1,2572817.99751573,319.584045410156
1,2581787.51560422,290.268493652344
1,2573074.4336252,293.537261962891
1,2632163.17980289,291.764617919922
1,2523430.31461637,303.025085449219
1,2545812.13015753,284.380920410156
1,2542657.36418303,287.893829345703
1,2675391.14568373,287.603607177734
1,2732762.80830928,305.734771728516
1,2698545.88393428,313.325164794922
-1,2547373.32098383,308.851287841797
0,2547373.32098383,289.945983886719
-1,2547373.32098383,268.692260742187
-1,2547373.32098383,276.289123535156
0,2547373.32098383,269.281616210937
-1,2547373.32098383,227.965057373047
1,2547220.47858457,229.748657226562
1,2578539.60793579,199.066787719727
-1,2646158.11614805,211.444610595703
1,2645999.34666109,226.657699584961
-1,2664610.42629023,221.412658691406
-1,2664610.42629023,229.167694091797
1,2664450.54966465,225.698654174805
1,2652491.25029668,217.568466186523
-1,2671715.83077638,212.553817749023
0,2671715.83077638,216.969116210937
-1,2671715.83077638,219.628128051758
-1,2671715.83077638,219.617630004883
0,2671715.83077638,207.413772583008
1,2671555.52782654,211.123657226562
1,2669542.43751109,211.339202880859
-1,2706609.20326592,210.492416381836
0,2706609.20326592,218.554595947266
0,2706609.20326592,217.884460449219
-1,2706609.20326592,217.895553588867
1,2706446.80671373,222.580810546875
-1,2734505.62783005,222.65087890625
0,2734505.62783005,234.245590209961
0,2734505.62783005,225.92529296875
-1,2734505.62783005,226.518478393555
-1,2734505.62783005,220.908645629883
1,2734341.55749238,210.530166625977
-1,2759093.67175225,206.732238769531
0,2759093.67175225,216.055908203125
-1,2759093.67175225,211.342697143555
-1,2759093.67175225,208.603988647461
0,2759093.67175225,186.683502197266
0,2759093.67175225,188.644256591797
1,2758928.12613195,185.531661987305
-1,2785089.11639494,185.841094970703
-1,2785089.11639494,194.556030273438
-1,2785089.11639494,202.813140869141
-1,2785089.11639494,196.621688842773
-1,2785089.11639494,186.94123840332
-1,2785089.11639494,191.106872558594
0,2785089.11639494,194.671630859375
0,2785089.11639494,191.234786987305
-1,2785089.11639494,186.735549926758
-1,2785089.11639494,188.950057983398
-1,2785089.11639494,187.495498657227
-1,2785089.11639494,173.958694458008
0,2785089.11639494,169.489288330078
0,2785089.11639494,168.887893676758
-1,2785089.11639494,172.458404541016
-1,2785089.11639494,171.697601318359
-1,2785089.11639494,178.357757568359
-1,2785089.11639494,179.491989135742
0,2785089.11639494,175.966278076172
0,2785089.11639494,174.172225952148
-1,2785089.11639494,169.955276489258
-1,2785089.11639494,178.282592773438
-1,2785089.11639494,181.362487792969
0,2785089.11639494,181.212844848633
-1,2785089.11639494,179.839492797852
-1,2785089.11639494,178.803771972656
-1,2785089.11639494,180.9755859375
-1,2785089.11639494,181.321578979492
-1,2785089.11639494,188.068435668945
0,2785089.11639494,189.689331054688
0,2785089.11639494,197.114761352539
0,2785089.11639494,208.050598144531
0,2785089.11639494,211.24723815918
1,2784922.01104796,221.069625854492
1,2778317.45985313,217.897384643555
-1,2759969.0128253,215.486557006836
0,2759969.0128253,211.71321105957
-1,2759969.0128253,201.842086791992
-1,2759969.0128253,168.133575439453
1,2759803.41468453,170.756912231445
-1,2786228.18148398,166.651702880859
1,2786061.00779309,174.68083190918
1,2772941.39289159,174.612747192383
0,2827639.2458696,170.461349487305
0,2812938.08653005,180.209121704102
-1,2832192.17132226,177.224060058594
0,2832192.17132226,180.703704833984
-1,2832192.17132226,175.238433837891
-1,2832192.17132226,176.946319580078
-1,2832192.17132226,176.364379882813
-1,2832192.17132226,172.940338134766
-1,2832192.17132226,181.113357543945
-1,2832192.17132226,182.03630065918
-1,2832192.17132226,193.191070556641
-1,2832192.17132226,191.801071166992
-1,2832192.17132226,182.534027099609
1,2832022.23979198,180.861312866211
1,2847081.39703441,182.028472900391
1,2816237.00622337,186.97705078125
1,2775539.04063337,181.343734741211
0,2794521.88390438,175.906890869141
1,2753513.84791439,177.988555908203
1,2746010.93600185,173.649444580078
1,2776340.3954754,172.974761962891
1,2768678.61726173,175.524749755859
1,2734295.65585128,174.905059814453
0,2599723.11479986,172.262802124023
1,2595834.01452207,162.514114379883
0,2870119.55033736,162.189712524414
0,2846261.78553433,181.667068481445
1,2907755.93284068,179.932632446289
1,2884900.28544498,184.397506713867
0,2998849.77093233,182.670379638672
1,2914777.1648636,190.336395263672
1,2903933.46866033,184.797622680664
0,2904812.49738103,183.803695678711
1,2903303.56454395,184.018157958984
1,2880421.775286,183.994827270508
1,2940755.5018355,182.319030761719
1,2986278.39977531,186.309310913086
1,3021777.88966947,189.113494873047
1,2965494.84363392,191.504302978516
1,2906749.53668367,187.924270629883
1,2919527.7355959,184.311721801758
0,2990108.95883043,184.943359375
1,2926747.21473303,189.5029296875
0,2948865.37365197,185.564834594727
1,2970188.92206265,186.942443847656
1,2934706.27641462,188.272506713867
1,2848581.60925947,186.058166503906
1,2893925.37931871,180.499099731445
1,2921793.74447438,183.350830078125
1,2850038.51531072,185.041458129883
1,2801189.87397789,180.502456665039
1,2773536.66405056,177.415283203125
0,2549509.64434867,175.673599243164
0,2373340.25523482,161.505889892578
-1,2422181.61673287,150.212219238281
-1,2422181.61673287,153.430526733398
1,2422036.28583586,142.697006225586
-1,2430264.07362238,146.404312133789
0,2430264.07362238,148.396820068359
0,2430264.07362238,153.069244384766
0,2430264.07362238,151.768600463867
-1,2430264.07362238,155.286407470703
1,2430118.25777796,152.491928100586
-1,2423283.51185947,151.175476074219
0,2423283.51185947,149.058242797852
0,2423283.51185947,147.918380737305
-1,2423283.51185947,146.686492919922
0,2423283.51185947,149.396484375
-1,2423283.51185947,149.197601318359
-1,2423283.51185947,148.743682861328
-1,2423283.51185947,151.224395751953
-1,2423283.51185947,148.17985534668
-1,2423283.51185947,146.320648193359
-1,2423283.51185947,143.615661621094
0,2423283.51185947,145.655685424805
1,2423138.11484876,144.953414916992
-1,2423971.5522167,142.864990234375
-1,2423971.5522167,143.139526367188
1,2423826.11392357,133.647186279297
1,2465169.66144977,122.656837463379
1,2439184.02478972,133.052780151367
1,2436746.33139007,129.384368896484
1,2426225.56163405,129.095962524414
1,2480200.51461615,128.098129272461
1,2427784.22498172,132.306991577148
1,2434466.53195395,128.629257202148
1,2393446.7670415,129.068496704102
-1,2391919.01945828,126.486328125
-1,2391919.01945828,126.368797302246
0,2391919.01945828,127.213012695313
-1,2391919.01945828,128.266876220703
-1,2391919.01945828,134.796524047852
0,2391919.01945828,132.612274169922
1,2391775.50431712,129.630661010742
1,2379259.45752744,130.820037841797
1,2424192.98918222,127.411262512207
-1,2432218.30010748,134.168518066406
1,2432072.36700948,135.07209777832
0,2460872.23031282,136.305541992188
-1,2458005.09492013,144.311996459961
1,2457857.61461443,143.487823486328
1,2449810.96448715,141.155776977539
1,2481159.51319586,138.967041015625
1,2472279.76035369,143.409103393555
1,2502434.14482319,143.03254699707
1,2483221.83322589,146.220138549805
1,2760222.06969133,144.251052856445
1,2763915.29687135,165.734619140625
1,2737866.15272076,166.332824707031
-1,2831449.84152179,164.489379882813
1,2831279.9545313,170.74772644043
1,2804040.41180787,175.467590332031
1,2804826.73662962,166.90412902832
1,2825632.90719002,167.060470581055
1,2811790.45162581,169.608535766602
1,2751669.18453956,168.295700073242
1,2753136.93539452,162.899368286133
1,2729697.15112905,163.067291259766
1,2824633.30386161,161.176818847656
1,2866117.54171458,168.008850097656
1,2947631.1167841,170.884857177734
1,2927376.38087462,176.347885131836
1,3077861.82550669,174.917709350586
1,3006173.3170845,184.736907958984
1,3062368.4018146,180.11376953125
1,3142104.78543455,183.532501220703
1,3162354.95009902,188.607406616211
1,3152322.95566843,189.861724853516
1,3397796.60479912,189.299102783203
1,3531081.50407799,204.129699707031
1,3702212.38483124,212.315887451172
1,3709150.4492344,222.510971069336
0,3800067.41755,222.982238769531
1,3715367.02291386,228.549133300781
1,3919366.82677458,223.38493347168
1,4408833.27001668,235.898223876953
1,4453461.16829155,265.052703857422
1,4722104.97979588,268.023284912109
1,4398894.90473534,284.561309814453
1,4318728.69601536,264.904052734375
1,4426007.86192705,259.890563964844
1,4684410.22071576,266.508819580078
-1,4315268.10881587,282.036285400391
1,4315009.19272934,259.819854736328
1,4340393.79675987,257.89111328125
-1,4320964.83979157,265.551574707031
0,4320964.83979157,262.278411865234
-1,4320964.83979157,273.705078125
-1,4320964.83979157,265.283386230469
-1,4320964.83979157,247.740203857422
-1,4320964.83979157,225.687042236328
-1,4320964.83979157,226.987609863281
-1,4320964.83979157,226.833450317383
1,4320705.58190119,219.752685546875
-1,4366469.37219581,218.711624145508
1,4366207.38403348,230.523971557617
-1,4366356.51427701,224.565338134766
1,4366094.53288615,224.641891479492
-1,4420382.87759679,229.168426513672
-1,4420382.87759679,243.750198364258
-1,4420382.87759679,237.780685424805
-1,4420382.87759679,201.318496704102
-1,4420382.87759679,202.863952636719
-1,4420382.87759679,200.768035888672
1,4420117.65462414,194.738922119141
-1,4584177.15079823,112.689994812012
0,4584177.15079823,133.582473754883
0,4584177.15079823,123.246063232422
1,4583902.10016918,124.996116638184
-1,4611553.87099873,110.406784057617
-1,4611553.87099873,113.857643127441
-1,4611553.87099873,114.839828491211
1,4611277.17776648,136.649276733398
-1,4611843.60085465,133.101760864258
1,4611566.8902386,132.851135253906
-1,4698230.5725343,123.365982055664
-1,4698230.5725343,135.194137573242
-1,4698230.5725343,138.914962768555
1,4697948.67869995,136.190673828125
-1,4667915.87711058,138.369934082031
0,4667915.87711058,134.032745361328
0,4667915.87711058,131.015335083008
-1,4667915.87711058,125.577896118164
0,4667915.87711058,132.820922851563
0,4667915.87711058,133.612319946289
1,4667635.80215795,135.732177734375
-1,4668044.29676952,142.110458374023
1,4667764.21411171,142.215179443359
-1,4657013.4403837,145.261016845703
0,4657013.4403837,143.608215332031
1,4656734.01957727,169.147445678711
-1,4699256.10207614,165.240325927734
-1,4699256.10207614,172.761260986328
-1,4699256.10207614,170.82926940918
0,4699256.10207614,158.538986206055
-1,4699256.10207614,158.232391357422
1,4698974.14671002,160.720672607422
1,4706665.52503976,156.35595703125
1,4660021.82240099,157.565643310547
0,4938261.96928063,153.200424194336
1,4929729.27300787,172.279418945313
1,5197043.90590596,171.618072509766
-1,5093361.93896466,186.86198425293
-1,5093361.93896466,181.480224609375
0,5093361.93896466,172.017715454102
1,5093056.33724832,172.670394897461
1,5106359.02308839,182.620178222656
1,5148162.42791118,185.222106933594
1,5232288.22104053,189.207397460938
1,5261162.83885533,195.413589477539
1,5259372.92348937,197.475723266602
1,5282983.63977493,197.273513793945
1,5677027.27882123,198.465194702148
1,5468796.07057862,216.909133911133
1,5621276.44489564,207.901733398438
-1,5647481.73277922,214.230087280273
1,5647142.88387525,215.352066040039
1,5632101.70523846,210.890853881836
1,5618319.18729192,208.013000488281
1,5582294.37129007,206.481353759766
1,5714062.81406551,203.912857055664
-1,5726841.62666737,212.1982421875
1,5726498.01616977,213.142166137695
-1,5602035.82835795,211.552200317383
1,5601699.70620825,188.632186889648
1,5621912.76484174,185.877334594727
1,5727994.37824646,189.374099731445
1,5781743.25640309,198.891510009766
1,5655720.02275489,202.95539855957
1,5754311.42555111,195.613388061523
1,5892647.2411225,200.608871459961
1,6060337.7145609,207.179779052734
1,6034647.48362208,214.604934692383
1,5951584.22454264,213.446243286133
1,5691472.76152393,210.129150390625
1,5881353.38824722,199.837112426758
1,5921795.41364343,207.194488525391
1,5751661.75496512,208.716064453125
-1,5831897.26437449,201.982650756836
1,5831547.35053862,205.259567260742
1,5871469.39695518,201.893005371094
1,5983665.25671508,208.885437011719
1,5994868.05243362,219.925048828125
1,6348848.84156957,220.717208862305
1,6140527.84009048,242.351379394531
-1,6460309.1915378,230.860260009766
1,6459921.57298631,246.828186035156
1,6497510.61021317,237.395217895508
1,6499653.42306471,244.105285644531
1,6457608.47227863,244.349594116211
1,6468657.66787438,241.201354980469
1,6526737.02158795,241.908081054687
1,6549161.59886506,245.178573608398
1,6519588.86739554,246.175018310547
1,6575753.87735331,244.822067260742
1,6212520.41610555,247.548538208008
1,6350401.83498559,231.625457763672
1,6384913.77449662,237.544616699219
1,6265670.79583337,238.968185424805
0,6161737.362822,234.058303833008
1,6273260.41149364,229.762298583984
1,6237783.86506526,234.492370605469
1,6213857.37560217,232.898696899414
1,6084867.6092308,231.954971313477
0,6142519.80962191,226.976364135742
1,6133274.2256435,229.21614074707
1,6489130.2933798,229.003372192383
1,6531555.89630438,242.537017822266
1,6310189.79937203,244.185928344727
1,6235213.36479821,235.702850341797
1,6148180.58344699,232.877487182617
1,5969713.21697909,229.631484985352
1,6033306.30313915,222.914489746094
1,6109239.03710609,225.361434936523
1,6059070.84971906,227.96842956543
1,6187205.4379548,226.134582519531
1,6141218.41345255,231.288909912109
1,6035976.70389474,229.318954467773
1,6134553.97492927,225.288482666016
1,6096868.97681417,228.976196289062
1,6467047.57019178,227.685012817383
1,6401953.29800215,240.972595214844
1,6605000.43011575,239.159973144531
1,6507305.17096687,246.748291015625
1,6453004.73340743,242.868011474609
1,6412183.73836126,241.044784545898
1,6483663.41759722,239.45964050293
1,6416098.12506006,242.181869506836
-1,6430397.67136293,239.975616455078
1,6430011.84750265,240.143646240234
1,6403912.9130817,238.450912475586
1,6395166.1066441,233.691390991211
1,6431101.78342259,232.855682373047
1,6479378.97910584,235.458297729492
1,6436456.17288533,238.494873046875
1,6614665.91548439,236.302505493164
1,6983701.90899334,245.037261962891
1,7265117.02493998,262.388641357422
1,7370559.06957072,274.722686767578
1,7964835.2360963,279.0263671875
1,8101001.56714769,303.6923828125
1,8394594.26540025,309.657928466797
1,8273103.25687366,321.829742431641
1,8311784.76499914,316.555358886719
1,8728402.95344548,318.144989013672
1,9008582.80986091,334.633728027344
1,10025504.782759,345.798614501953
1,9651750.24481464,385.549865722656
1,10054650.3123207,371.133850097656
1,10147148.8400665,386.156463623047
1,10450267.4904183,389.710815429688
1,10278556.2861383,401.583862304688
1,9877988.86694223,395.226867675781
0,10256642.4075106,379.551574707031
1,10179181.8761769,395.305236816406
1,10302951.9459328,391.04150390625
1,9900233.9012383,395.894714355469
1,10176727.4918604,380.063812255859
1,11157159.2591562,390.838104248047
1,11385627.3360576,428.677276611328
1,11280480.925739,437.56298828125
1,11291708.4587661,433.3505859375
1,11181036.3814791,433.973754882813
1,11028581.3090924,429.669616699219
1,10581106.2579899,423.738586425781
1,10840558.6248334,406.758911132813
0,10130200.8804528,416.148773193359
1,10304680.8391327,389.031097412109
1,10188929.9421199,395.562835693359
1,10624809.9819122,391.678985595703
-1,9993907.80153925,408.071685791016
1,9993308.16707116,383.977447509766
1,9973007.77638344,386.60986328125
1,10096412.5240689,382.629577636719
1,10147008.5882781,395.687591552734
1,10577769.9453945,399.61669921875
1,10691517.591577,428.509002685547
1,11470035.3198767,434.874450683594
1,10742628.237777,477.007873535156
1,9622400.05361331,440.239990234375
1,9677485.01702553,384.671630859375
1,8503227.076824,388.038391113281
-1,8916001.9843371,335.334564208984
-1,8916001.9843371,353.450256347656
0,8916001.9843371,353.202270507813
1,8915467.02421804,337.824920654297
1,9001310.7087548,351.429321289062
1,9059991.83593264,368.118499755859
1,9209523.22361368,374.595397949219
1,8899075.13493413,387.519287109375
1,9090189.19842126,365.699584960937
1,8867564.68511489,377.154022216797
1,8886116.57772292,364.743988037109
0,9357309.21283381,365.865783691406
1,9260825.38045968,389.337493896484
1,9285507.15221807,384.041656494141
1,8972417.25860757,385.597991943359
1,8325081.4093893,371.400146484375
1,8386355.86187754,341.723815917969
1,7850287.09241055,344.589904785156
1,8506141.35510214,320.985015869141
1,8572431.7246968,349.411437988281
1,8650504.20322019,352.350891113281
1,8696852.17908962,354.959899902344
1,8642414.18146606,357.925933837891
1,8752629.31252126,354.363006591797
1,8756962.54281294,360.038513183594
1,8594713.07728979,360.309143066406
1,8426476.24782295,352.949676513672
1,8433321.6662104,346.218627929687
1,8579990.56865605,346.602233886719
1,8613385.05040698,352.73681640625
1,8294605.01915874,353.956481933594
1,8318703.14351709,340.943084716797
1,8536251.34168801,342.044647216797
1,8896432.85279714,351.112884521484
1,9027118.60677866,365.402465820312
1,9131337.44864358,370.928436279297
1,9437475.0688898,374.798736572266
1,9278426.70399003,387.142944335937
1,9236923.4361725,381.971466064453
1,9187262.1484158,379.192230224609
-1,8911922.72125893,377.868499755859
1,8911388.00589565,366.015716552734
1,8956165.19717864,368.7275390625
0,8971953.77000731,378.469635009766
1,8877765.12476419,379.719696044922
1,9146959.90093543,369.059417724609
1,9449231.90340052,391.488616943359
1,9385841.01472299,414.051330566406
1,9431995.44596991,409.767242431641
1,9317466.51285565,412.457641601563
1,9079955.57687635,406.217987060547
1,9282213.7952312,393.88818359375
1,8965910.34710837,403.997100830078
1,8925339.34585672,388.651062011719
0,8843759.0459392,386.730255126953
1,8922298.17808924,382.820037841797
1,9135326.49357503,386.59033203125
1,8844088.57745372,396.355987548828
1,8943042.06694154,383.156036376953
1,9269090.66727987,387.603210449219
0,9540812.70070071,402.142944335938
1,10454711.1394428,414.066711425781
1,10024430.2268799,454.722564697266
0,10432744.1866719,435.718811035156
1,10216338.6540528,453.574157714844
1,10341944.792132,444.166381835938
-1,10644957.8934962,449.679656982422
1,10644319.1960226,462.959533691406
1,10706693.9040419,461.005493164063
0,10589058.2100431,474.626434326172
-1,10484628.4650092,460.14990234375
1,10483999.3873013,447.558990478516
1,10576564.4919051,464.406646728516
1,10569110.9303349,480.346832275391
1,10483600.1486335,479.481018066406
1,10983505.4058773,471.631469726563
1,11571768.9621162,509.744598388672
1,11709399.7141713,549.486633300781
-1,12568078.1823636,558.059509277344
1,12567324.0976727,608.522766113281
1,12428526.995228,603.902038574219
1,12029374.3271573,570.514892578125
0,12016950.1741415,519.108093261719
1,12238498.0603437,517.597351074219
1,12732584.6541931,538.264587402344
1,13317104.8238124,575.757080078125
1,12868334.1770984,615.0703125
-1,13060472.2476279,587.261596679688
-1,13060472.2476279,598.459228515625
1,13059688.619293,616.722778320313
1,13184002.2719209,569.34765625
1,13226476.9621622,596.568664550781
1,13116716.6420944,601.797119140625
1,12630615.4492078,591.900817871094
1,12911088.7109618,554.792907714844
1,12682572.7948087,573.504028320312
0,12438861.4451763,559.67919921875
1,12840332.2409196,545.578552246094
1,13235322.3654274,568.60986328125
1,13164101.8849762,589.782470703125
1,13231143.1353598,586.021789550781
1,14193195.9797432,589.378662109375
0,14336983.5264941,636.154174804688
1,14582496.7610161,642.9169921875
1,14677436.0227966,654.624206542969
1,14228039.4675879,659.18505859375
1,13613824.1698391,638.315185546875
1,14157630.3239035,609.420532226563
1,13040859.4840681,634.824584960938
1,13652755.2333816,584.135620117188
1,13978643.6531117,611.554565429688
1,14186694.676069,626.498046875
1,15222161.3612124,635.887145996094
1,16280297.213326,683.205810546875
1,16305200.9468054,730.358703613281
1,16751494.7470554,731.472839355469
1,16444488.5287622,751.626647949219
1,16279150.4239521,737.708374023438
1,17261685.7871417,730.402648925781
1,21734110.848365,774.511840820313
1,23174835.9994216,977.058837890625
1,24505560.6124814,1041.49877929688
1,26890373.1071301,1101.00500488281
1,27303799.138965,1208.07836914063
1,27278999.8414096,1225.96789550781
1,28546085.0697366,1223.74047851563
1,28126607.5859038,1280.87109375
1,24292807.4530649,1261.62292480469
1,23252258.0133134,1088.52673339844
1,25197096.0524341,1043.74096679687
1,27151040.9896059,1130.23120117188
1,26112550.0514442,1221.87719726563
-1,27478828.0212368,1171.44311523438
1,27477179.2915555,1233.45336914063
1,27596925.2028647,1230.31323242188
1,28551441.7393292,1257.4345703125
1,28602942.8865573,1375.24841308594
1,25330429.0842493,1382.68444824219
1,27003033.63825,1118.88903808594
1,26914186.8353484,1235.26794433594
1,29673668.3257247,1231.21057128906
1,28463188.3007103,1390.63989257813
1,29073606.0709134,1323.74169921875
1,27073934.2016887,1358.33337402344
1,28637730.6715218,1251.27978515625
1,29641968.169528,1369.08679199219
1,29511502.0550014,1382.23193359375
1,28254165.8779948,1376.82360839844
1,29375791.6301865,1314.85522460938
1,32429213.7833889,1369.50512695313
1,35488379.6454572,1514.76965332031
1,34094715.4160695,1661.17016601563
1,36712555.2483084,1594.79333496094
1,35848431.2356068,1717.79748535156
1,34498758.8781277,1677.60571289063
1,37311493.8469574,1613.64221191406
1,37767034.1460455,1746.92614746094
1,37260559.1178642,1768.03979492188
1,38103164.0608741,1743.71423339844
1,39376350.9341959,1783.48913574219
1,38748961.8458209,1843.98681640625
0,38567992.6922958,1814.37231445313
1,38016921.6189669,1804.6767578125
1,38044154.8012543,1778.94555664062
1,39482352.9217121,1781.35009765625
1,41381853.7415766,1848.20629882812
1,41866777.7182979,1938.85986328125
1,40999313.6950746,1959.90295410156
1,41342371.520972,1918.67309570313
1,38062349.344393,1935.55786132813
1,33549780.8211476,1781.40905761719
1,34753927.3227313,1571.47644042969
1,31531176.9808996,1625.39392089844
1,30897400.156374,1478.6533203125
0,31195158.4729262,1446.92944335938
1,30256901.1364226,1459.86047363281
1,33432374.4707809,1417.15112304688
1,31892282.4718801,1564.0634765625
1,33670451.79086,1491.451171875
1,32945489.8716708,1574.62377929688
1,32760947.6153188,1541.54174804688
1,35355574.2434408,1532.37280273438
1,36816916.4269588,1655.39245605469
1,39200231.9631035,1724.22924804688
1,39911994.5986442,1835.14807128906
1,38440605.6273156,1868.48901367188
1,39017960.8596669,1798.03393554688
1,37862499.4282138,1826.54675292969
1,41121799.4260907,1772.16638183594
1,39623954.5219494,1923.86376953125
1,38281168.6066348,1854.08666992188
1,38607338.4985789,1792.41381835938
0,38959312.4424758,1807.05615234375
1,38092185.7378661,1823.15844726563
1,38834881.4239643,1782.56872558594
0,38728301.5109165,1817.52270507813
1,38206721.2049264,1812.60656738281
1,36137218.5071481,1788.36218261719
1,35866281.17669,1690.87182617187
1,34045554.4676613,1678.00256347656
1,34087118.3912798,1593.12329101563
1,36383040.1718413,1595.21008300781
1,36674670.8083117,1703.0361328125
1,36137687.8613672,1716.40563964844
1,38878901.6346623,1691.26318359375
1,39441732.9614582,1819.46630859375
-1,40974433.7615099,1846.09826660156
1,40971975.2954842,1919.1572265625
1,41657581.9749112,1976.93273925781
1,40829280.5261148,2142.89599609375
0,41468592.0090395,2027.67126464844
-1,41606931.2244591,2093.2607421875
1,41604434.8085856,2109.4931640625
1,41023983.0492107,2117.728515625
1,41880507.8756951,1969.13317871094
1,41717009.1565307,2088.77221679688
1,42476117.2247844,2071.11157226562
1,42768522.1691032,2136.15698242188
1,42497581.9889212,2157.36181640625
1,45020216.2966605,2139.3642578125
1,47268528.6551019,2299.34790039063
1,48706298.3118396,2436.03466796875
1,47175223.1931074,2516.60180664062
1,45614303.4849701,2429.98095703125
1,43649350.516077,2346.45239257812
1,42337465.179238,2238.03271484375
1,45404559.0211666,2161.939453125
1,46055804.4037656,2331.16015625
1,46791871.6159574,2357.87109375
1,46029663.4937644,2401.25634765625
1,43118453.1009306,2367.19921875
1,45126173.2080072,2214.41381835937
1,49336648.5303812,2319.47802734375
1,51816322.1928707,2534.03125
1,53431779.8543299,2664.685546875
1,53635045.8065536,2748.64965820312
