,time,open,high,low,close,tick_volume,sma,sd,lb,ub,candle_type
38,2022-02-24,1.13023,1.13086,1.11063,1.11919,171175,1.1337645,0.008437758791352955,1.116888982417294,1.150640017582706,bullish
39,2022-02-25,1.11908,1.12735,1.11659,1.12716,113512,1.134388,0.007343910904172384,1.1197001781916551,1.1490758218083448,bearish
40,2022-02-28,1.11295,1.12464,1.11245,1.12178,138468,1.1343105000000002,0.007473777650453754,1.1193629446990927,1.1492580553009077,bearish
41,2022-03-01,1.12177,1.12331,1.10897,1.11229,114181,1.1335659999999999,0.008838499753619842,1.1158890004927602,1.1512429995072395,bullish
42,2022-03-02,1.11248,1.1143399999999999,1.10574,1.11184,129648,1.1326405,0.010075525048353618,1.1124894499032927,1.1527915500967072,bullish
43,2022-03-03,1.1116,1.11205,1.10332,1.10659,99725,1.1307740000000002,0.01126366510417229,1.1082466697916555,1.1533013302083448,bullish
44,2022-03-04,1.10651,1.10679,1.08852,1.09305,129366,1.1281694999999998,0.013556087572126334,1.1010573248557471,1.1552816751442525,bullish
45,2022-03-07,1.09255,1.09324,1.0806,1.08533,166436,1.1252265000000001,0.016054060078372685,1.0931183798432547,1.1573346201567456,bullish
46,2022-03-08,1.08511,1.09583,1.08471,1.0901399999999999,158841,1.122652,0.01736049768871849,1.087931004622563,1.157372995377437,bearish
47,2022-03-09,1.0896,1.10961,1.08896,1.1075,116644,1.1209105000000001,0.017026378443307805,1.0868577431133846,1.1549632568866157,bearish
48,2022-03-10,1.1072899999999999,1.11213,1.09758,1.09859,125689,1.1187025,0.0169080942544034,1.084886311491193,1.1525186885088068,bullish
49,2022-03-11,1.09845,1.10434,1.09021,1.09137,113278,1.1165325000000001,0.017511668854013628,1.0815091622919728,1.1515558377080275,bullish
50,2022-03-14,1.09155,1.09938,1.09004,1.09447,103181,1.1147269999999998,0.01784544379416006,1.0790361124116796,1.15041788758832,bearish
51,2022-03-15,1.09416,1.102,1.0926,1.09489,112133,1.1126805000000002,0.017644987502046246,1.0773905249959077,1.1479704750040927,bearish
52,2022-03-16,1.09491,1.1047,1.09491,1.1031,128099,1.1109745,0.01677554030034268,1.0774234193993146,1.1445255806006853,bearish
53,2022-03-17,1.10305,1.11376,1.10071,1.10901,85724,1.1096210000000002,0.015700972447255445,1.0782190551054893,1.141022944894511,bearish
54,2022-03-18,1.1089,1.11186,1.10031,1.10503,91467,1.1082589999999999,0.01478777834635933,1.0786834433072812,1.1378345566927186,bullish
55,2022-03-21,1.10504,1.10702,1.10102,1.10188,69638,1.1068065,0.013840086048941568,1.0791263279021168,1.1344866720978832,bullish
56,2022-03-22,1.10176,1.10458,1.0961,1.10294,85754,1.105333,0.012471859313544427,1.080389281372911,1.1302767186270888,bearish
57,2022-03-23,1.10279,1.10427,1.09641,1.10066,77335,1.1038405,0.01099952796834119,1.0818414440633177,1.1258395559366823,bullish
58,2022-03-24,1.10052,1.10135,1.0965799999999999,1.09982,83700,1.102872,0.010414059626041238,1.0820438807479176,1.1237001192520826,bullish
59,2022-03-25,1.09959,1.1038000000000001,1.09809,1.09854,82996,1.101441,0.008731383745161492,1.083978232509677,1.1189037674903228,bullish
60,2022-03-28,1.09842,1.09997,1.09447,1.09859,104188,1.1002815,0.007312817352538457,1.085655865294923,1.1149071347050767,bearish
61,2022-03-29,1.09834,1.11371,1.0969,1.10858,126457,1.100096,0.007033908399206651,1.0860281832015866,1.1141638167984134,bearish
62,2022-03-30,1.1085099999999999,1.1171,1.10792,1.11575,109745,1.1002915,0.00742117615518757,1.0854491476896249,1.115133852310375,bearish
63,2022-03-31,1.11579,1.11848,1.10613,1.10665,110897,1.1002945,0.007423867962613865,1.0854467640747723,1.1151422359252277,bullish
64,2022-04-01,1.10656,1.10757,1.10283,1.10447,85774,1.1008655,0.007275024669880969,1.0863154506602382,1.115415549339762,bullish
65,2022-04-04,1.10336,1.10543,1.09608,1.09715,69321,1.1014565,0.006370413747614584,1.0887156725047709,1.1141973274952293,bullish
66,2022-04-05,1.09688,1.09886,1.09,1.09041,74904,1.10147,0.0063454069588712286,1.0887791860822575,1.1141608139177424,bullish
67,2022-04-06,1.09029,1.09381,1.08741,1.08956,97599,1.1005730000000002,0.006705907136720874,1.0871611857265584,1.113984814273442,bullish
68,2022-04-07,1.08956,1.09382,1.08649,1.08777,88265,1.1000320000000001,0.00728569441837246,1.0854606111632552,1.114603388836745,bullish
69,2022-04-08,1.08764,1.08921,1.08364,1.08747,77188,1.099837,0.007576135037423248,1.0846847299251534,1.1149892700748465,bullish
70,2022-04-11,1.09159,1.09333,1.08729,1.08829,77468,1.099528,0.007924570451583774,1.0836788590968325,1.1153771409031676,bullish
71,2022-04-12,1.08825,1.09035,1.08216,1.08269,98342,1.098918,0.008729088455455588,1.0814598230890888,1.1163761769109113,bullish
72,2022-04-13,1.08256,1.08942,1.0809,1.08902,83973,1.098214,0.008939303163705902,1.0803353936725881,1.116092606327412,bearish
73,2022-04-14,1.08897,1.09233,1.07576,1.08286,100620,1.0969064999999998,0.009186122986675488,1.0785342540266487,1.1152787459733509,bullish
74,2022-04-15,1.08278,1.08303,1.07961,1.08113,56635,1.0957115,0.00961812558333771,1.0764752488333245,1.1149477511666754,bullish
75,2022-04-18,1.07994,1.08213,1.07702,1.0781,52965,1.0945224999999998,0.01026362656487325,1.0739952468702534,1.1150497531297463,bullish
76,2022-04-19,1.07805,1.08141,1.07612,1.07877,81502,1.093314,0.010636521196232788,1.0720409576075343,1.1145870423924655,bearish
77,2022-04-20,1.07876,1.08667,1.07827,1.08539,88292,1.0925505000000002,0.010629510794804118,1.071291478410392,1.1138095215896084,bearish
78,2022-04-21,1.08496,1.09364,1.08239,1.08336,99031,1.0917275,0.010674161066505412,1.070379177866989,1.1130758221330108,bullish
79,2022-04-22,1.08368,1.08519,1.07707,1.08009,94056,1.090805,0.010850218770533493,1.069104562458933,1.112505437541067,bullish
80,2022-04-25,1.08071,1.08145,1.06965,1.07125,122270,1.0894380000000001,0.011519401757127947,1.0663991964857442,1.112476803514256,bullish
81,2022-04-26,1.07106,1.07388,1.06353,1.06372,95470,1.0871950000000001,0.01195521049144497,1.0632845790171102,1.1111054209828901,bullish
82,2022-04-27,1.06363,1.06547,1.05144,1.05573,117332,1.0841939999999999,0.011943181891113926,1.0603076362177721,1.1080803637822276,bullish
83,2022-04-28,1.05571,1.05646,1.04709,1.04983,134090,1.081353,0.013028994427410626,1.0552950111451787,1.1074109888548214,bullish
84,2022-04-29,1.04976,1.05927,1.04906,1.0546,111385,1.0788594999999999,0.013143570961941976,1.052572358076116,1.1051466419238838,bearish
85,2022-05-02,1.05421,1.05681,1.04902,1.05072,91871,1.076538,0.013825638883116475,1.048886722233767,1.104189277766233,bullish
86,2022-05-03,1.0507,1.05775,1.04922,1.05202,89550,1.0746185000000001,0.014449235738303938,1.0457200285233923,1.103516971476608,bearish
87,2022-05-04,1.05186,1.0630600000000001,1.0506,1.06219,109807,1.07325,0.014254438274668818,1.0447411234506625,1.1017588765493376,bearish
88,2022-05-05,1.06196,1.06419,1.04928,1.0541,130526,1.0715664999999999,0.014436430261122011,1.042693639477756,1.1004393605222438,bullish
89,2022-05-06,1.05413,1.05987,1.04828,1.05439,146857,1.0699125,0.014413437398192315,1.0410856252036154,1.0987393747963847,bearish
90,2022-05-09,1.05387,1.05925,1.04954,1.0557,123650,1.0682829999999999,0.014064426232988987,1.040154147534022,1.0964118524659778,bearish
91,2022-05-10,1.0557,1.05851,1.05257,1.05281,127047,1.066789,0.014040477162383073,1.0387080456752338,1.0948699543247662,bullish
92,2022-05-11,1.05281,1.0577,1.05017,1.05092,134397,1.0648840000000002,0.013437168169710688,1.038009663660579,1.0917583363394214,bullish
93,2022-05-12,1.05092,1.05291,1.0354,1.03779,139403,1.0626305,0.014029996614398578,1.0345705067712028,1.0906904932287973,bullish
94,2022-05-13,1.03779,1.04196,1.03494,1.04077,97846,1.0606125,0.01413129929400973,1.0323499014119806,1.0888750985880193,bearish
95,2022-05-16,1.03959,1.0443,1.03887,1.04311,81470,1.058863,0.014017824405116173,1.0308273511897679,1.0868986488102323,bearish
96,2022-05-17,1.0431,1.0556,1.04276,1.05465,95987,1.057657,0.013230468464476735,1.0311960630710466,1.0841179369289535,bearish
97,2022-05-18,1.05465,1.05639,1.04599,1.04609,87927,1.055692,0.011727862281091593,1.032236275437817,1.0791477245621832,bullish
98,2022-05-19,1.04609,1.06073,1.0459,1.05854,115331,1.0544509999999998,0.009800922566673762,1.0348491548666523,1.0740528451333473,bearish
99,2022-05-20,1.05816,1.0599,1.05328,1.05582,93700,1.0532375,0.007746536662483328,1.0377444266750333,1.0687305733249668,bullish
100,2022-05-23,1.05601,1.06975,1.05561,1.06881,89168,1.0531155,0.007461912746886396,1.0381916745062274,1.0680393254937728,bearish
101,2022-05-24,1.06878,1.07489,1.0661100000000001,1.07333,96527,1.053596,0.008427635243027172,1.0367407295139457,1.0704512704860543,bearish
102,2022-05-25,1.07329,1.07382,1.06418,1.0679,96798,1.0542045000000002,0.009009120218162421,1.0361862595636753,1.0722227404363252,bullish
103,2022-05-26,1.06775,1.0731,1.06627,1.07239,84272,1.0553325,0.009809364953426542,1.035713770093147,1.074951229906853,bearish
104,2022-05-27,1.07239,1.07651,1.06974,1.07309,76770,1.056257,0.010577900050280453,1.035101199899439,1.077412800100561,bearish
105,2022-05-30,1.07326,1.07869,1.07243,1.0778,55023,1.057611,0.011522800235324584,1.034565399529351,1.0806566004706493,bearish
106,2022-05-31,1.07756,1.07788,1.06791,1.07326,105538,1.058673,0.01195121359175825,1.0347705728164835,1.0825754271835164,bullish
107,2022-06-01,1.0732,1.0739,1.06272,1.06484,91956,1.0588054999999998,0.012006818446639554,1.0347918631067208,1.082819136893279,bullish
108,2022-06-02,1.06453,1.0749900000000001,1.06405,1.07463,73854,1.059832,0.012452666423407801,1.0349266671531845,1.0847373328468157,bearish
109,2022-06-03,1.07443,1.07638,1.07039,1.07165,72795,1.060695,0.01265215500678935,1.0353906899864211,1.0859993100135787,bullish
110,2022-06-06,1.07146,1.07516,1.06841,1.06955,60295,1.0613875,0.012743075260913185,1.0359013494781735,1.0868736505218264,bullish
111,2022-06-07,1.0695000000000001,1.0714299999999999,1.06523,1.07049,88256,1.0622715,0.012729961043064035,1.036811577913872,1.087731422086128,bearish
112,2022-06-08,1.07036,1.07485,1.06715,1.07157,81423,1.063304,0.012597557574472002,1.038108884851056,1.088499115148944,bearish
113,2022-06-09,1.07154,1.07739,1.06107,1.06159,108517,1.064494,0.011095096783336715,1.0423038064333265,1.0866841935666736,bullish
114,2022-06-10,1.06142,1.06424,1.0506,1.05207,109524,1.065059,0.010063130673274459,1.044932738653451,1.085185261346549,bullish
115,2022-06-13,1.05137,1.05195,1.03996,1.04076,125903,1.0649415000000002,0.010342737230592373,1.0442560255388154,1.085626974461185,bullish
116,2022-06-14,1.04078,1.04848,1.03969,1.04151,137053,1.0642844999999999,0.011394733998420795,1.0414950320031582,1.0870739679968415,bearish
117,2022-06-15,1.0414,1.05076,1.0359099999999999,1.0443,173126,1.064195,0.011551120929886931,1.041092758140226,1.087297241859774,bearish
118,2022-06-16,1.04412,1.06009,1.03811,1.05483,177338,1.0640095,0.011675830850635928,1.0406578382987282,1.087361161701272,bearish
119,2022-06-17,1.05454,1.05602,1.04447,1.04962,150391,1.0636995,0.011982977608610114,1.0397335447827798,1.0876654552172202,bullish
120,2022-06-20,1.04747,1.05457,1.04727,1.05104,82940,1.062811,0.012240141855044413,1.0383307162899111,1.0872912837100888,bearish
121,2022-06-21,1.05104,1.05824,1.05053,1.05318,98780,1.0618035,0.0121577483523896,1.0374880032952207,1.086118996704779,bearish
122,2022-06-22,1.05299,1.06054,1.04691,1.05678,117792,1.0612475,0.012118475618485263,1.0370105487630294,1.0854844512369703,bearish
123,2022-06-23,1.05631,1.05812,1.04827,1.05215,147534,1.0602354999999999,0.011983361041132764,1.0362687779177344,1.0842022220822654,bullish
124,2022-06-24,1.05225,1.05711,1.05119,1.05534,103535,1.059348,0.011633419463815721,1.0360811610723686,1.0826148389276313,bearish
125,2022-06-27,1.05456,1.06149,1.05456,1.05829,109352,1.0583725,0.010792306165433571,1.0367878876691328,1.079957112330867,bearish
126,2022-06-28,1.05817,1.06058,1.05033,1.0518,121778,1.0572994999999998,0.010289332992040238,1.0367208340159193,1.0778781659840804,bullish
127,2022-06-29,1.0517,1.05353,1.04352,1.04411,128083,1.056263,0.010531042383555697,1.0352009152328885,1.0773250847671114,bullish
128,2022-06-30,1.04394,1.04891,1.03823,1.04827,134494,1.054945,0.009730454362736628,1.0354840912745267,1.0744059087254734,bearish
129,2022-07-01,1.04826,1.04854,1.03657,1.04261,138542,1.053493,0.009261926081376411,1.0349691478372471,1.0720168521627529,bullish
130,2022-07-04,1.04146,1.04627,1.04146,1.04221,82163,1.052126,0.008771926752282418,1.034582146495435,1.0696698535045648,bearish
131,2022-07-05,1.04198,1.04488,1.02349,1.02656,140314,1.0499295,0.009408503698364946,1.03111249260327,1.06874650739673,bullish
132,2022-07-06,1.02641,1.02769,1.01618,1.0181,157888,1.047256,0.010472351266677211,1.0263112974666455,1.0682007025333544,bullish
133,2022-07-07,1.01797,1.02213,1.01441,1.01587,126061,1.04497,0.012049970954323745,1.0208700580913526,1.0690699419086473,bullish
134,2022-07-08,1.01564,1.01912,1.00717,1.01831,131701,1.043282,0.01330253818281724,1.0166769236343656,1.0698870763656345,bearish
135,2022-07-11,1.01696,1.01831,1.00337,1.00396,119721,1.041442,0.01595114270778932,1.0095397145844214,1.0733442854155786,bullish
136,2022-07-12,1.00396,1.00739,0.99996,1.00365,139938,1.039549,0.01805095387478252,1.003447092250435,1.075650907749565,bullish
137,2022-07-13,1.00346,1.01222,0.99977,1.00574,150092,1.0376210000000001,0.01951657133930444,0.9985878573213912,1.076654142678609,bearish
138,2022-07-14,1.00551,1.00598,0.99522,1.00178,165084,1.0349685000000002,0.020627966523503828,0.9937125669529925,1.0762244330470079,bullish
139,2022-07-15,1.00154,1.00981,1.0007,1.00854,121685,1.0329145,0.021131378383070085,0.9906517432338597,1.0751772567661402,bearish
140,2022-07-18,1.00816,1.02014,1.00734,1.01418,117254,1.0310715,0.021074657586031706,0.9889221848279365,1.0732208151720632,bearish
141,2022-07-19,1.01408,1.02694,1.01193,1.02247,135544,1.0295359999999998,0.020489698926663805,0.9885566021466722,1.0705153978533275,bearish
142,2022-07-20,1.02245,1.02729,1.01552,1.01803,124235,1.0275984999999999,0.019590279349720043,0.9884179413005598,1.06677905869944,bullish
143,2022-07-21,1.01766,1.02783,1.01535,1.023,156314,1.026141,0.01873314790755643,0.9886747041848871,1.0636072958151128,bearish
144,2022-07-22,1.02282,1.02553,1.01299,1.02109,147879,1.0244285,0.017444594480211364,0.9895393110395773,1.0593176889604228,bullish
145,2022-07-25,1.02116,1.0258,1.01785,1.02188,125820,1.022608,0.015518364197572429,0.9915712716048551,1.053644728395145,bearish
146,2022-07-26,1.02185,1.02502,1.01077,1.01155,114344,1.0205955,0.01407625154761234,0.9924429969047753,1.0487480030952248,bullish
147,2022-07-27,1.01134,1.0221,1.00964,1.01975,124371,1.0193775,0.012942766675274938,0.9934919666494502,1.04526303335055,bearish
148,2022-07-28,1.02003,1.02344,1.01142,1.01963,141998,1.0179455000000002,0.011019274250152887,0.9959069514996944,1.039984048500306,bullish
149,2022-07-29,1.01956,1.02542,1.01461,1.02258,131205,1.016944,0.009459455531237072,0.998025088937526,1.0358629110624742,bearish
150,2022-08-01,1.02075,1.02752,1.02052,1.02617,121566,1.0161419999999999,0.007725654187941814,1.0006906916241163,1.0315933083758835,bearish
151,2022-08-02,1.02603,1.02936,1.0163,1.01655,149083,1.0156415,0.0073292875183335795,1.0009829249633329,1.0303000750366673,bullish
152,2022-08-03,1.01653,1.02104,1.01229,1.01661,130497,1.015567,0.007310531048467752,1.0009459379030645,1.0301880620969357,bearish
153,2022-08-04,1.01672,1.02539,1.01539,1.02447,119698,1.015997,0.007577345112072729,1.0008423097758545,1.0311516902241455,bearish
154,2022-08-05,1.02437,1.02518,1.01416,1.01776,109082,1.0159695000000002,0.007569502851649948,1.0008304942967003,1.0311085057033,bullish
155,2022-08-08,1.01711,1.02219,1.01594,1.01943,93730,1.016743,0.007050311751231742,1.0026423764975365,1.0308436235024634,bearish
156,2022-08-09,1.01945,1.02475,1.01884,1.02126,78664,1.0176234999999998,0.006398610272639968,1.0048262794547198,1.0304207205452798,bearish
157,2022-08-10,1.02122,1.03688,1.02021,1.02988,116880,1.0188305,0.006315266777719137,1.0061999664445618,1.0314610335554382,bearish
158,2022-08-11,1.02983,1.03645,1.02757,1.03194,126227,1.0203384999999998,0.0055886513531839006,1.009161197293632,1.0315158027063676,bearish
159,2022-08-12,1.03174,1.03273,1.02385,1.0256,98414,1.0211915,0.004959594927227361,1.0112723101455454,1.0311106898544546,bullish
160,2022-08-15,1.02545,1.02684,1.01544,1.01596,91347,1.0212805,0.004841721610952941,1.011597056778094,1.030963943221906,bullish
161,2022-08-16,1.01579,1.01949,1.01224,1.01702,99378,1.0210080000000001,0.004923920774093368,1.0111601584518135,1.0308558415481868,bearish
162,2022-08-17,1.01698,1.02031,1.01457,1.01807,118800,1.02101,0.004922655466532247,1.0111646890669355,1.0308553109330645,bearish
163,2022-08-18,1.01776,1.0193,1.00792,1.00875,103690,1.0202975,0.0056036293455386105,1.0090902413089229,1.0315047586910773,bullish
164,2022-08-19,1.00866,1.00955,1.00321,1.00393,88910,1.0194395,0.006685240203539862,1.0060690195929203,1.0328099804070798,bullish
165,2022-08-22,1.00348,1.00466,0.99263,0.9943,97175,1.0180605,0.008697131695963006,1.000666236608074,1.035454763391926,bullish
166,2022-08-23,0.99423,1.00179,0.99004,0.99695,119064,1.0173305000000001,0.00981344538188512,0.9977036092362299,1.0369573907637704,bearish
167,2022-08-24,0.99682,0.9999,0.99101,0.99662,105281,1.016174,0.010824172461383478,0.994525655077233,1.0378223449227668,bullish
168,2022-08-25,0.9964,1.00334,0.99491,0.99743,106438,1.0150640000000002,0.01156410753832679,0.9919357849233466,1.0381922150766538,bearish
169,2022-08-26,0.99724,1.00901,0.99465,0.99646,121343,1.013758,0.012131622271875439,0.9894947554562491,1.0380212445437509,bullish
170,2022-08-29,0.99645,1.00293,0.99143,0.99972,118481,1.0124355,0.01214902312512561,0.9881374537497488,1.0367335462502512,bearish
171,2022-08-30,0.99927,1.00549,0.9982,1.00137,122280,1.0116765,0.01235094510554161,0.9869746097889168,1.0363783902110832,bearish
172,2022-08-31,1.00122,1.0079,0.99714,1.00545,124887,1.0111185,0.012368409792272316,0.9863816804154554,1.0358553195845446,bearish
173,2022-09-01,1.0051,1.00545,0.9911,0.99442,125174,1.0096159999999998,0.012485783241671457,0.984644433516657,1.0345875664833428,bullish
174,2022-09-02,0.99442,1.00338,0.99404,0.99571,123370,1.0085134999999998,0.012700482491875208,0.9831125350162494,1.0339144649837502,bearish
175,2022-09-05,0.99282,0.99443,0.98778,0.9931,91907,1.0071970000000001,0.012872830261736768,0.9814513394765266,1.0329426605234737,bearish
176,2022-09-06,0.99245,0.99865,0.9864,0.99031,140363,1.0056495,0.012953343593963705,0.9797428128120726,1.0315561871879275,bullish
177,2022-09-07,0.99031,1.00107,0.98756,1.00057,118654,1.004184,0.011661279788939017,0.980861440422122,1.027506559577878,bearish
178,2022-09-08,0.99969,1.003,0.99308,0.99983,140456,1.0025785,0.009681052180208679,0.9832163956395826,1.0219406043604173,bearish
179,2022-09-09,0.99983,1.01134,0.99915,1.00455,110425,1.001526,0.008054011357547616,0.9854179772849047,1.017634022715095,bearish
180,2022-09-12,1.01017,1.01979,1.00597,1.01211,114623,1.0013334999999999,0.007730372276058527,0.9858727554478828,1.016794244552117,bearish
181,2022-09-13,1.01207,1.01873,0.99663,0.99686,118597,1.0003255000000002,0.006840433561985073,0.9866446328760301,1.0140063671239703,bullish
182,2022-09-14,0.99674,1.00236,0.99551,0.99814,132052,0.999329,0.005424544511573363,0.9884799109768533,1.0101780890231467,bearish
183,2022-09-15,0.99781,1.00181,0.99556,0.99966,89766,0.9988745,0.004954056790586697,0.9889663864188266,1.0087826135811735,bearish
184,2022-09-16,0.99975,1.00367,0.99444,1.00129,102107,0.9987425,0.004846262667484441,0.9890499746650311,1.0084350253349688,bearish
185,2022-09-19,1.00043,1.00291,0.99659,1.0024,78601,0.9991475000000001,0.004793635995022796,0.9895602280099545,1.0087347719900457,bearish
186,2022-09-20,1.00197,1.00506,0.99549,0.99711,100195,0.9991555,0.004789907674106294,0.9895756846517874,1.0087353153482126,bullish
187,2022-09-21,0.99697,0.99753,0.98127,0.98372,125311,0.9985105000000001,0.005891235662552281,0.9867280286748955,1.0102929713251045,bullish
188,2022-09-22,0.98362,0.99074,0.98075,0.98395,153924,0.9978365,0.0067324104348523775,0.9843716791302952,1.0113013208697048,bearish
189,2022-09-23,0.98283,0.9852,0.96678,0.9688,127176,0.9964535,0.009358788312830177,0.9777359233743397,1.0151710766256603,bullish
190,2022-09-26,0.96714,0.9709,0.95524,0.96087,197260,0.9945109999999999,0.012234981728425244,0.9700410365431494,1.0189809634568505,bullish
191,2022-09-27,0.96084,0.96711,0.95691,0.95924,153881,0.9924044999999999,0.01442302890848197,0.963558442183036,1.021250557816964,bullish
192,2022-09-28,0.95923,0.97509,0.95357,0.97347,187873,0.9908054999999999,0.014671213660203205,0.9614630726795935,1.0201479273204064,bearish
193,2022-09-29,0.97315,0.98151,0.96355,0.98147,172293,0.9901580000000001,0.01478859361307927,0.9605808127738416,1.0197351872261586,bearish
194,2022-09-30,0.98144,0.98539,0.97348,0.9799,174658,0.9893675,0.01489834249877168,0.9595708150024566,1.0191641849975432,bullish
195,2022-10-03,0.97747,0.98447,0.97526,0.98246,150501,0.9888354999999999,0.014947932606575004,0.9589396347868498,1.0187313652131498,bearish
196,2022-10-04,0.98239,0.99996,0.9806,0.99842,144182,0.989241,0.015099273213606271,0.9590424535727875,1.0194395464272126,bearish
197,2022-10-05,0.99835,0.99949,0.98345,0.98752,136992,0.9885885,0.014864074413096751,0.9588603511738065,1.0183166488261934,bullish
198,2022-10-06,0.98747,0.99263,0.97881,0.97911,160911,0.9875524999999999,0.014761040783094745,0.9580304184338104,1.0170745815661895,bullish
199,2022-10-07,0.97879,0.98168,0.97259,0.97381,137073,0.9860155,0.014496046820469509,0.957023406359061,1.015007593640939,bullish
200,2022-10-10,0.97312,0.97533,0.96819,0.97029,138307,0.9839245,0.013517035830084095,0.9568904283398318,1.0109585716601681,bullish
201,2022-10-11,0.97005,0.97747,0.96706,0.97075,168526,0.982619,0.013462713771950498,0.955693572456099,1.009544427543901,bearish
202,2022-10-12,0.9705,0.97343,0.96678,0.97023,158689,0.9812234999999999,0.013213402396617745,0.9547966952067645,1.0076503047932355,bullish
203,2022-10-13,0.9701,0.98061,0.96314,0.97774,181004,0.9801275,0.012493139117139862,0.9551412217657204,1.0051137782342798,bearish
204,2022-10-14,0.97717,0.98082,0.9707,0.97234,160630,0.97868,0.011553948060714504,0.9555721038785709,1.001787896121429,bullish
205,2022-10-17,0.97184,0.98522,0.97176,0.98408,145729,0.977764,0.01022412286806406,0.9573157542638718,0.9982122457361281,bearish
206,2022-10-18,0.98387,0.98757,0.98127,0.98576,156689,0.9771965,0.009373389700311402,0.9584497205993772,0.9959432794006229,bearish
207,2022-10-19,0.98545,0.98724,0.97574,0.97722,145621,0.9768714999999999,0.009247133994134828,0.9583772320117302,0.9953657679882696,bullish
208,2022-10-20,0.97713,0.98456,0.97544,0.97862,160310,0.976605,0.009108156841691589,0.9583886863166168,0.9948213136833831,bearish
209,2022-10-21,0.97843,0.98692,0.9705,0.98626,195334,0.977478,0.009157310338292445,0.9591633793234151,0.9957926206765848,bearish
210,2022-10-24,0.98619,0.98992,0.9807,0.98737,188722,0.9788030000000001,0.008522983848654452,0.9617570323026912,0.995848967697309,bearish
211,2022-10-25,0.98712,0.99769,0.98482,0.99644,144531,0.9806630000000001,0.008076426450524641,0.9645101470989508,0.9968158529010493,bearish
212,2022-10-26,0.9962,1.00889,0.99433,1.00826,155881,0.9824025000000001,0.00997017281960715,0.9624621543607857,1.0023428456392143,bearish
213,2022-10-27,1.00746,1.00933,0.99574,0.99634,147016,0.983146,0.010440334437080732,0.9622653311258385,1.0040266688741615,bullish
214,2022-10-28,0.99631,0.99981,0.99265,0.99657,134027,0.9839795,0.01082585573378,0.96232778853244,1.00563121146756,bearish
215,2022-10-31,0.99554,0.99659,0.98711,0.98827,108231,0.9842700000000001,0.010860831605272684,0.9625483367894547,1.0059916632105455,bullish
216,2022-11-01,0.98827,0.9954,0.98531,0.98748,131555,0.983723,0.010375307275104134,0.9629723854497918,1.0044736145502082,bullish
217,2022-11-02,0.98741,0.99761,0.98128,0.98169,133756,0.9834315,0.01034486766978976,0.9627417646604205,1.0041212353395796,bullish
218,2022-11-03,0.98149,0.98398,0.97302,0.97491,135675,0.9832215,0.010478971562142872,0.9622635568757142,1.0041794431242856,bullish
219,2022-11-04,0.97492,0.99667,0.97421,0.99594,155495,0.984328,0.010600558873061723,0.9631268822538765,1.0055291177461234,bearish
220,2022-11-07,0.99007,1.00341,0.98987,1.00217,138276,0.9859220000000001,0.010774042685531872,0.9643739146289363,1.0074700853710639,bearish
221,2022-11-08,1.00169,1.00964,0.99717,1.00729,114982,0.987749,0.011157162391565402,0.9654346752168692,1.0100633247831308,bearish
222,2022-11-09,1.00715,1.00882,0.99927,1.0012,141815,0.9892975000000002,0.010739058507697765,0.9678193829846047,1.0107756170153956,bullish
223,2022-11-10,1.00094,1.0222,0.99355,1.02093,167643,0.9914570000000001,0.01249208300864612,0.9664728339827079,1.0164411660172923,bearish
224,2022-11-11,1.02062,1.03642,1.01629,1.0352999999999999,165035,0.994605,0.015084920145285148,0.9644351597094296,1.0247748402905703,bearish
225,2022-11-14,1.03393,1.03588,1.02714,1.0326,150622,0.997031,0.017073642937523364,0.9628837141249533,1.0311782858750467,bullish
226,2022-11-15,1.03256,1.04819,1.02801,1.03482,197137,0.999484,0.018805521697520842,0.9618729566049583,1.0370950433950417,bearish
227,2022-11-16,1.03466,1.04387,1.03305,1.03941,165765,1.0025935000000001,0.020031981344317225,0.9625295373113657,1.0426574626886347,bearish
228,2022-11-17,1.03933,1.04067,1.03053,1.03636,136029,1.0054804999999998,0.020549142247436477,0.9643822155051268,1.0465787844948726,bullish
229,2022-11-18,1.03583,1.0396,1.03134,1.032,119710,1.0077675,0.020840656842616222,0.9660861863147675,1.0494488136852325,bullish
230,2022-11-21,1.03195,1.03332,1.02228,1.02406,119083,1.0096019999999999,0.02056364487454538,0.9684747102509091,1.0507292897490907,bullish
231,2022-11-22,1.02384,1.03082,1.02375,1.03035,105456,1.0112975,0.020817696387805066,0.9696621072243898,1.05293289277561,bearish
232,2022-11-23,1.03012,1.04052,1.02963,1.03941,122807,1.0128549999999998,0.021724014483130143,0.9694069710337395,1.05630302896626,bearish
233,2022-11-24,1.03941,1.04485,1.03819,1.04114,88953,1.015095,0.022235187026543007,0.970624625946914,1.0595653740530862,bearish
234,2022-11-25,1.04067,1.04293,1.03548,1.03939,102115,1.017236,0.02241834432123255,0.9723993113575349,1.0620726886424652,bullish
235,2022-11-28,1.03664,1.04969,1.03302,1.03381,134196,1.0195130000000001,0.021619964969056424,0.9762730700618872,1.0627529299381129,bullish
236,2022-11-29,1.03368,1.03941,1.03199,1.03287,130776,1.0217825,0.020430007052322736,0.9809224858953546,1.0626425141046456,bullish
237,2022-11-30,1.03276,1.04288,1.02899,1.04055,139665,1.0247255,0.018498796682061863,0.9877279066358762,1.0617230933641237,bearish
238,2022-12-01,1.0408,1.05335,1.0393,1.05247,147704,1.0286035,0.015371367187422443,0.9978607656251551,1.059346234374845,bearish
239,2022-12-02,1.05194,1.05449,1.04281,1.05407,139751,1.03151,0.014330650258873041,1.0028486994822539,1.060171300517746,bearish
240,2022-12-05,1.05306,1.0594999999999999,1.04803,1.04908,116575,1.0338555,0.013058220026603284,1.0077390599467935,1.0599719400532066,bullish
241,2022-12-06,1.04914,1.05329,1.04593,1.04642,115966,1.035812,0.011732564039773533,1.012346871920453,1.059277128079547,bullish
242,2022-12-07,1.04641,1.05498,1.04431,1.05036,123100,1.03827,0.008909564937101724,1.0204508701257966,1.0560891298742034,bearish
243,2022-12-08,1.05031,1.05651,1.04895,1.05523,105367,1.039985,0.008694729498531733,1.0225955410029364,1.0573744589970635,bearish
244,2022-12-09,1.05536,1.05881,1.05043,1.05334,111315,1.040887,0.009108997345020074,1.0226690053099599,1.05910499469004,bullish
245,2022-12-12,1.05276,1.05803,1.05058,1.05378,98661,1.041946,0.009323508149324871,1.0232989837013502,1.0605930162986499,bearish
246,2022-12-13,1.05351,1.06734,1.0528,1.06319,139941,1.0433645,0.010290294597081962,1.022783910805836,1.063945089194164,bearish
247,2022-12-14,1.06319,1.06951,1.0619,1.06819,144441,1.0448035,0.01163290716934161,1.0215376856613168,1.0680693143386832,bearish
248,2022-12-15,1.06811,1.07363,1.05922,1.06259,132918,1.046115,0.012100091996170053,1.0219148160076599,1.07031518399234,bullish
249,2022-12-16,1.06236,1.06631,1.05849,1.05891,111112,1.0474605,0.011943074837701234,1.0235743503245975,1.0713466496754023,bullish
250,2022-12-19,1.05812,1.0658,1.05756,1.06064,109130,1.0492895,0.010928751782628013,1.027431996434744,1.071147003565256,bearish
251,2022-12-20,1.06031,1.06587,1.05788,1.06218,154901,1.050881,0.01032655641384848,1.030227887172303,1.071534112827697,bearish
252,2022-12-21,1.06232,1.06451,1.05904,1.0604,103142,1.0519305,0.01016473805549425,1.0316010238890116,1.0722599761109886,bullish
253,2022-12-22,1.0602800000000001,1.06595,1.05733,1.05971,104107,1.052859,0.009973542843045954,1.032911914313908,1.072806085686092,bullish
254,2022-12-23,1.05948,1.0633,1.05865,1.06163,100227,1.0539710000000002,0.009626567350168643,1.034717865299663,1.0732241347003375,bearish
255,2022-12-26,1.06282,1.06366,1.06141,1.06352,4866,1.0554564999999998,0.008588022427223034,1.0382804551455538,1.0726325448544458,bearish
256,2022-12-27,1.06356,1.06696,1.06116,1.0639,63342,1.057008,0.00693704062490146,1.0431339187501971,1.0708820812498028,bearish
257,2022-12-28,1.06389,1.06744,1.06063,1.06115,84350,1.058038,0.00580109118591662,1.0464358176281667,1.0696401823718333,bullish
258,2022-12-29,1.06091,1.06904,1.06055,1.0661,89359,1.0587195,0.00591209685394913,1.0468953062921018,1.0705436937078983,bearish
259,2022-12-30,1.06607,1.0713300000000001,1.06386,1.06976,112019,1.059504,0.006291476606861315,1.0469210467862773,1.0720869532137227,bearish
260,2023-01-02,1.07016,1.07017,1.06499,1.06665,16741,1.0603825,0.005978211204906525,1.048426077590187,1.072338922409813,bullish
261,2023-01-03,1.06642,1.0683,1.05196,1.0547,139201,1.0607965,0.005195912639550136,1.0504046747208997,1.0711883252791001,bullish
262,2023-01-04,1.05465,1.06354,1.05402,1.0603,140651,1.0612935,0.004584518886534679,1.0521244622269306,1.0704625377730692,bearish
263,2023-01-05,1.06015,1.06315,1.0515,1.05207,126223,1.0611355,0.004851185937473533,1.0514331281250529,1.0708378718749472,bullish
264,2023-01-06,1.05205,1.06481,1.04832,1.06427,126014,1.061682,0.0045319225616952275,1.0526181548766096,1.0707458451233904,bearish
265,2023-01-09,1.06394,1.07607,1.0636,1.07318,115286,1.062652,0.004818672671568926,1.0530146546568622,1.0722893453431377,bearish
266,2023-01-10,1.07293,1.07593,1.07121,1.07334,111859,1.0631595,0.0053801061181020585,1.052399287763796,1.073919712236204,bearish
267,2023-01-11,1.07329,1.07765,1.07252,1.07556,90213,1.063528,0.005963555633127482,1.0516008887337451,1.075455111266255,bearish
268,2023-01-12,1.07535,1.0867,1.07302,1.08515,141238,1.064656,0.007667083711001732,1.0493218325779965,1.0799901674220036,bearish
269,2023-01-13,1.08497,1.08678,1.07805,1.08323,113853,1.0658720000000002,0.008581814064141902,1.0487083718717163,1.083035628128284,bullish
270,2023-01-16,1.08295,1.08742,1.08016,1.0821,65771,1.066945,0.009211693655344867,1.0485216126893102,1.0853683873106899,bullish
271,2023-01-17,1.08197,1.08694,1.07745,1.07876,114006,1.067774,0.009501786203264586,1.0487704275934708,1.0867775724065292,bullish
272,2023-01-18,1.07879,1.08874,1.07661,1.07936,147787,1.068722,0.009671663221680045,1.04937867355664,1.08806532644336,bearish
273,2023-01-19,1.07903,1.08401,1.07822,1.08294,113010,1.0698835,0.00992401143160601,1.050035477136788,1.089731522863212,bearish
274,2023-01-20,1.08291,1.08591,1.08024,1.08557,89418,1.0710804999999999,0.010312291835215022,1.05045591632957,1.0917050836704298,bearish
275,2023-01-23,1.08622,1.09267,1.08464,1.08715,99279,1.072262,0.010745066726050145,1.0507718665478998,1.0937521334521003,bearish
276,2023-01-24,1.08705,1.0898,1.08352,1.08879,86692,1.0735065000000001,0.011159015366387208,1.0511884692672258,1.0958245307327745,bearish
277,2023-01-25,1.08856,1.09236,1.08574,1.09147,89198,1.0750225,0.011447794489948841,1.0521269110201024,1.0979180889798976,bearish
278,2023-01-26,1.09152,1.09294,1.08506,1.08917,84384,1.076176,0.011661717576840657,1.0528525648463187,1.0994994351536813,bullish
279,2023-01-27,1.0890900000000001,1.09003,1.08378,1.08673,79737,1.0770244999999998,0.01178701402971629,1.0534504719405673,1.1005985280594324,bullish
280,2023-01-30,1.08618,1.09138,1.08393,1.085,84809,1.077942,0.011650350164147533,1.054641299671705,1.101242700328295,bullish
281,2023-01-31,1.0848,1.0875,1.08017,1.0861399999999999,90834,1.079514,0.010403631653361582,1.058706736693277,1.1003212633067232,bearish
282,2023-02-01,1.08607,1.1001400000000001,1.08523,1.09886,101648,1.081442,0.010226955404321449,1.060988089191357,1.101895910808643,bearish
283,2023-02-02,1.0987,1.10329,1.08853,1.09099,122316,1.083388,0.007745740153541494,1.067896519692917,1.098879480307083,bullish
284,2023-02-03,1.09081,1.09402,1.07923,1.07932,116247,1.0841405,0.0064058316153390825,1.071328836769322,1.096952163230678,bullish
285,2023-02-06,1.078,1.07989,1.07095,1.07249,99074,1.084106,0.006469510190511379,1.0711669796189773,1.0970450203810227,bullish
286,2023-02-07,1.07242,1.07664,1.06692,1.07267,127157,1.0840725,0.0065296472661944055,1.0710132054676111,1.0971317945323888,bearish
287,2023-02-08,1.07233,1.07609,1.07094,1.07129,88155,1.083859,0.0068828833462265425,1.0700932333075468,1.097624766692453,bullish
288,2023-02-09,1.07095,1.07908,1.07083,1.07386,90671,1.0832945,0.007225858881739709,1.0688427822365207,1.0977462177634794,bearish
289,2023-02-10,1.07361,1.07529,1.06664,1.06782,94108,1.0825239999999998,0.008011932811019582,1.0665001343779608,1.0985478656220389,bullish
